-- MySQL dump 10.13  Distrib 8.0.40, for Win64 (x86_64)
--
-- Host: localhost    Database: e-commerce
-- ------------------------------------------------------
-- Server version	9.1.0

/*!40101 SET @OLD_CHARACTER_SET_CLIENT=@@CHARACTER_SET_CLIENT */;
/*!40101 SET @OLD_CHARACTER_SET_RESULTS=@@CHARACTER_SET_RESULTS */;
/*!40101 SET @OLD_COLLATION_CONNECTION=@@COLLATION_CONNECTION */;
/*!50503 SET NAMES utf8 */;
/*!40103 SET @OLD_TIME_ZONE=@@TIME_ZONE */;
/*!40103 SET TIME_ZONE='+00:00' */;
/*!40014 SET @OLD_UNIQUE_CHECKS=@@UNIQUE_CHECKS, UNIQUE_CHECKS=0 */;
/*!40014 SET @OLD_FOREIGN_KEY_CHECKS=@@FOREIGN_KEY_CHECKS, FOREIGN_KEY_CHECKS=0 */;
/*!40101 SET @OLD_SQL_MODE=@@SQL_MODE, SQL_MODE='NO_AUTO_VALUE_ON_ZERO' */;
/*!40111 SET @OLD_SQL_NOTES=@@SQL_NOTES, SQL_NOTES=0 */;

--
-- Table structure for table `order_items`
--

DROP TABLE IF EXISTS `order_items`;
/*!40101 SET @saved_cs_client     = @@character_set_client */;
/*!50503 SET character_set_client = utf8mb4 */;
CREATE TABLE `order_items` (
  `order_item_id` int NOT NULL AUTO_INCREMENT,
  `order_id` int DEFAULT NULL,
  `product_id` int DEFAULT NULL,
  `quantity` int DEFAULT NULL,
  `price` decimal(10,2) DEFAULT NULL,
  PRIMARY KEY (`order_item_id`),
  KEY `order_id` (`order_id`),
  KEY `product_id` (`product_id`),
  CONSTRAINT `order_items_ibfk_1` FOREIGN KEY (`order_id`) REFERENCES `orders` (`order_id`),
  CONSTRAINT `order_items_ibfk_2` FOREIGN KEY (`product_id`) REFERENCES `products` (`product_id`)
) ENGINE=InnoDB AUTO_INCREMENT=501 DEFAULT CHARSET=utf8mb4 COLLATE=utf8mb4_0900_ai_ci;
/*!40101 SET character_set_client = @saved_cs_client */;

--
-- Dumping data for table `order_items`
--

LOCK TABLES `order_items` WRITE;
/*!40000 ALTER TABLE `order_items` DISABLE KEYS */;
INSERT INTO `order_items` VALUES (1,2,43,4,48804.82),(2,15,13,1,44746.33),(3,155,1,5,6558.86),(4,41,47,4,53708.26),(5,69,13,2,63956.53),(6,84,46,3,14729.56),(7,147,7,1,49766.65),(8,110,26,2,24015.07),(9,162,25,3,45385.99),(10,141,50,5,36845.16),(11,18,20,3,63731.29),(12,129,25,5,53722.40),(13,110,12,2,17350.27),(14,31,44,2,30033.16),(15,106,2,3,3577.00),(16,53,2,4,42568.77),(17,165,36,2,68082.33),(18,25,4,1,60351.48),(19,100,34,5,11266.44),(20,161,12,5,31683.34),(21,49,8,5,50178.02),(22,186,41,2,20486.95),(23,131,3,5,60427.92),(24,77,24,1,34711.17),(25,129,32,5,45195.74),(26,74,3,4,25563.10),(27,1,12,2,31770.43),(28,91,4,4,46667.25),(29,198,44,2,68092.79),(30,161,10,3,51409.34),(31,70,13,2,56295.70),(32,142,50,2,14389.17),(33,25,5,3,36544.14),(34,102,3,1,29260.53),(35,38,5,1,46256.51),(36,157,41,5,35607.33),(37,163,45,3,30271.81),(38,130,34,5,38111.14),(39,51,43,4,41035.52),(40,100,3,2,51877.26),(41,55,9,3,58957.52),(42,4,7,4,36990.53),(43,114,6,5,46266.44),(44,193,13,5,44696.30),(45,179,43,5,61642.78),(46,159,39,1,46512.32),(47,8,27,1,23973.92),(48,164,46,1,38452.83),(49,30,44,3,11607.03),(50,133,31,3,68894.75),(51,194,31,3,17869.88),(52,110,2,5,13864.45),(53,193,9,3,16092.99),(54,62,43,5,41261.66),(55,136,5,4,5400.52),(56,166,41,1,52680.39),(57,118,49,4,41345.47),(58,24,48,3,25510.47),(59,77,37,1,44969.35),(60,154,49,5,32402.66),(61,19,15,2,30594.15),(62,18,8,2,37999.16),(63,133,6,2,17384.28),(64,75,3,3,38090.07),(65,125,39,4,1368.09),(66,58,26,5,37607.97),(67,51,17,1,16331.61),(68,42,48,1,38111.14),(69,151,44,1,69799.26),(70,144,8,4,15842.49),(71,161,32,5,22008.63),(72,81,7,3,51346.21),(73,36,7,2,50644.08),(74,171,33,4,17402.45),(75,114,38,1,34483.54),(76,194,2,2,62812.26),(77,134,7,4,688.64),(78,134,36,3,31239.80),(79,132,12,5,37301.61),(80,41,11,2,62705.54),(81,48,2,5,13798.47),(82,171,42,4,43682.73),(83,189,38,1,50431.46),(84,48,49,3,67769.44),(85,175,50,1,28209.93),(86,98,33,5,42009.65),(87,186,5,2,47407.94),(88,88,11,5,65585.11),(89,17,35,4,32276.17),(90,67,16,1,42673.72),(91,105,4,1,21511.58),(92,131,23,1,1938.04),(93,33,50,1,33460.30),(94,106,4,4,2718.32),(95,61,42,4,6288.67),(96,51,46,5,35516.81),(97,183,48,5,65632.01),(98,102,31,3,67476.64),(99,171,33,5,28693.72),(100,196,9,5,26730.71),(101,78,20,1,50516.13),(102,146,3,4,62496.01),(103,148,46,2,65371.58),(104,25,42,5,45142.92),(105,98,28,2,67219.92),(106,74,17,3,65872.88),(107,163,25,2,64888.86),(108,158,3,5,69122.80),(109,184,9,3,52374.30),(110,183,47,1,56170.41),(111,126,31,5,22149.45),(112,53,25,1,64630.88),(113,45,10,3,67507.21),(114,38,13,1,67699.24),(115,54,11,1,2899.62),(116,42,17,5,55715.24),(117,72,43,3,20226.54),(118,200,35,1,45412.79),(119,5,47,2,4366.13),(120,198,11,3,18781.29),(121,55,18,5,55101.82),(122,173,43,1,57875.30),(123,96,7,3,44255.48),(124,40,40,5,44185.14),(125,21,26,5,52808.96),(126,147,37,3,13990.55),(127,97,1,5,68816.19),(128,134,1,2,28108.40),(129,15,13,4,41530.29),(130,19,43,1,60669.25),(131,117,17,3,2464.51),(132,86,17,4,31046.27),(133,143,7,5,38225.74),(134,107,27,4,51789.25),(135,188,50,1,29700.76),(136,123,10,1,1121.90),(137,137,17,1,61468.56),(138,54,40,2,59605.36),(139,165,38,2,49572.35),(140,128,14,5,50502.39),(141,95,21,1,9165.22),(142,33,21,3,67687.23),(143,187,47,4,45071.16),(144,93,32,2,48427.08),(145,200,32,5,61608.65),(146,77,31,2,52618.27),(147,57,35,4,40527.47),(148,27,50,4,65122.69),(149,144,44,1,15372.71),(150,136,17,5,48254.90),(151,113,30,5,11892.74),(152,199,12,4,57400.01),(153,18,40,4,50109.32),(154,128,29,1,44817.74),(155,17,22,1,53970.72),(156,4,45,1,51230.60),(157,154,14,4,60601.86),(158,66,33,5,52121.32),(159,13,14,3,16334.39),(160,115,49,2,29063.67),(161,35,9,4,44659.42),(162,65,26,2,30193.94),(163,49,5,2,40163.61),(164,13,49,4,60911.75),(165,112,5,3,33957.30),(166,189,30,1,69378.96),(167,59,41,2,23153.94),(168,82,9,2,22391.21),(169,196,2,1,17153.37),(170,124,19,1,51587.14),(171,91,15,4,48429.77),(172,153,9,2,3334.08),(173,116,23,4,1128.85),(174,195,46,4,33669.99),(175,66,47,1,60240.11),(176,140,32,2,14826.33),(177,21,48,4,5862.30),(178,173,34,4,41550.05),(179,160,27,1,13634.83),(180,196,44,5,43428.04),(181,12,42,5,29558.62),(182,16,34,1,29925.16),(183,145,47,1,44872.04),(184,14,14,1,8785.32),(185,112,2,5,15416.39),(186,111,27,2,49174.76),(187,161,7,3,9082.01),(188,50,21,4,56575.24),(189,153,37,2,69268.48),(190,67,45,2,63650.45),(191,19,20,5,3942.38),(192,180,22,4,53813.99),(193,43,12,2,48355.49),(194,46,47,5,34016.98),(195,126,9,4,31533.87),(196,87,2,5,5088.39),(197,85,6,1,56301.43),(198,26,32,4,27948.84),(199,171,34,1,29918.45),(200,28,50,1,42748.67),(201,51,40,1,24935.51),(202,60,2,5,23523.98),(203,170,7,5,51862.57),(204,87,48,3,64174.15),(205,182,2,4,2789.75),(206,134,3,2,52735.52),(207,43,1,5,66255.84),(208,71,8,2,14093.77),(209,39,47,2,59988.60),(210,15,21,2,58457.38),(211,105,26,3,19224.44),(212,74,4,3,11601.85),(213,111,43,5,20559.94),(214,125,20,2,1948.86),(215,104,30,1,61044.91),(216,193,37,4,7514.04),(217,125,19,3,11448.79),(218,55,18,5,25609.91),(219,180,14,4,63647.76),(220,123,22,5,42535.73),(221,167,36,2,63441.32),(222,41,1,1,62845.82),(223,41,32,2,51329.15),(224,158,7,3,53721.51),(225,163,31,3,47525.67),(226,148,10,4,58450.04),(227,121,27,3,7612.81),(228,155,43,3,68295.19),(229,115,6,5,29580.82),(230,195,23,3,47916.54),(231,60,34,1,63083.22),(232,121,31,2,17222.23),(233,63,30,5,7165.25),(234,9,36,1,48649.66),(235,65,10,2,32984.24),(236,116,26,4,36540.65),(237,1,42,5,48331.31),(238,183,17,4,40468.61),(239,60,50,1,4105.24),(240,170,18,1,50999.73),(241,72,28,5,64931.63),(242,108,23,4,40300.20),(243,154,43,3,60851.77),(244,66,35,4,29874.64),(245,179,12,4,12904.78),(246,69,46,5,53456.84),(247,186,8,2,13129.74),(248,3,24,4,413.23),(249,117,34,2,29737.37),(250,156,9,5,16036.20),(251,81,18,4,52051.09),(252,156,41,5,20655.53),(253,183,13,1,45550.61),(254,2,3,1,58507.75),(255,159,16,5,43874.16),(256,98,17,5,30610.98),(257,13,7,1,14841.96),(258,87,40,5,60504.33),(259,185,48,1,20102.21),(260,61,49,1,55727.18),(261,25,21,4,55585.35),(262,159,34,3,33513.09),(263,11,25,4,16842.22),(264,197,39,3,23137.23),(265,90,43,4,202.48),(266,102,41,3,68658.43),(267,50,46,1,52029.69),(268,198,5,5,38587.32),(269,2,50,5,34844.55),(270,200,3,2,41185.66),(271,145,4,4,6219.37),(272,156,31,4,19665.95),(273,129,2,1,46783.94),(274,76,34,1,44270.84),(275,113,37,1,15629.60),(276,71,31,5,66124.27),(277,64,26,1,60466.68),(278,117,49,5,3722.61),(279,147,18,1,59112.67),(280,198,38,1,39651.65),(281,169,12,5,67955.70),(282,30,23,5,16851.61),(283,196,17,2,11918.66),(284,161,22,4,57638.96),(285,34,14,4,30250.30),(286,37,18,2,517.87),(287,100,35,4,35527.10),(288,114,31,3,46784.24),(289,173,43,3,36739.49),(290,89,37,5,34099.53),(291,164,37,5,3090.10),(292,167,9,3,9971.78),(293,137,35,4,33326.47),(294,178,38,4,45429.97),(295,16,15,2,22516.02),(296,16,37,3,5260.73),(297,47,31,2,68039.64),(298,27,10,5,41293.66),(299,141,11,4,69351.12),(300,41,18,5,62160.86),(301,14,13,2,49715.00),(302,185,4,2,54971.03),(303,74,5,1,29842.67),(304,4,8,4,24884.33),(305,53,46,2,50529.43),(306,145,48,5,31098.73),(307,68,26,4,59975.45),(308,73,29,2,50541.66),(309,139,42,2,2443.59),(310,21,7,1,1204.02),(311,157,29,4,67310.10),(312,176,13,2,61248.52),(313,164,44,2,26731.29),(314,68,16,1,9345.75),(315,47,22,1,800.93),(316,146,23,3,32246.99),(317,183,48,4,49914.22),(318,99,30,5,55036.95),(319,104,6,5,68964.37),(320,54,8,3,47714.43),(321,7,40,1,27499.71),(322,165,11,1,37145.10),(323,169,48,5,13224.87),(324,129,23,3,47882.07),(325,118,3,3,51729.40),(326,161,14,2,1087.35),(327,70,26,3,20658.33),(328,4,22,1,18060.17),(329,174,49,2,46860.14),(330,23,1,5,10660.81),(331,198,12,1,14102.51),(332,10,7,2,47379.93),(333,158,7,5,19703.26),(334,129,6,4,58718.41),(335,145,4,4,66763.92),(336,101,38,1,65213.71),(337,153,39,1,49017.34),(338,192,42,2,45128.99),(339,61,4,3,54366.95),(340,25,22,4,21027.51),(341,27,50,2,23271.93),(342,10,22,1,17178.06),(343,133,15,1,41251.52),(344,67,19,1,23600.88),(345,129,45,4,55576.58),(346,120,40,5,69813.88),(347,80,45,3,67922.60),(348,39,37,1,6550.47),(349,14,28,5,3919.96),(350,10,20,4,5366.60),(351,145,16,1,16779.38),(352,155,1,5,4051.33),(353,188,16,4,5242.40),(354,158,36,2,41037.47),(355,33,18,2,44711.11),(356,7,43,2,35547.77),(357,173,19,3,66098.11),(358,79,22,3,29288.32),(359,146,10,3,68544.10),(360,178,31,4,18619.90),(361,101,28,2,11049.30),(362,68,47,4,24054.05),(363,79,21,5,40407.79),(364,39,34,2,4785.05),(365,178,49,3,52589.23),(366,159,42,4,39444.21),(367,94,14,2,57361.93),(368,99,18,3,41258.73),(369,24,36,1,54073.41),(370,35,39,4,36822.37),(371,39,44,3,44800.31),(372,183,23,5,40098.52),(373,20,31,5,35557.03),(374,111,50,2,63893.95),(375,102,39,1,61775.55),(376,143,45,4,13069.38),(377,117,33,2,63456.15),(378,99,35,3,6131.79),(379,112,21,3,68419.45),(380,79,15,2,3734.21),(381,79,47,4,52757.07),(382,13,29,1,15942.04),(383,110,49,1,19443.24),(384,90,20,5,53977.79),(385,175,18,3,50192.41),(386,97,46,1,61221.52),(387,8,24,4,23668.61),(388,8,7,5,66518.72),(389,100,9,1,41505.29),(390,121,44,5,26242.46),(391,6,26,5,47991.05),(392,50,45,1,40834.29),(393,102,7,5,53326.85),(394,154,27,5,19228.60),(395,18,13,4,60342.71),(396,48,20,2,7320.26),(397,65,15,5,65368.42),(398,183,14,4,26165.52),(399,179,17,3,65572.50),(400,38,41,1,63310.82),(401,99,19,2,69539.42),(402,87,20,4,25989.91),(403,193,39,1,48238.46),(404,109,26,3,18389.42),(405,2,8,3,31690.50),(406,129,48,5,16334.02),(407,39,50,2,44761.13),(408,129,41,3,66753.72),(409,83,19,5,34700.38),(410,51,47,4,11943.78),(411,85,18,2,45443.56),(412,53,32,4,16145.45),(413,131,1,2,11563.88),(414,36,21,2,49358.72),(415,112,23,1,46172.53),(416,15,44,1,51039.70),(417,112,18,3,34445.99),(418,102,38,1,7931.34),(419,97,16,2,56554.35),(420,36,38,4,45553.59),(421,103,5,4,12614.06),(422,41,46,2,35093.70),(423,12,44,4,19961.17),(424,11,40,5,45618.90),(425,132,40,3,13885.00),(426,7,31,2,7649.28),(427,80,21,4,32208.70),(428,182,3,4,15553.04),(429,128,2,4,24043.49),(430,153,40,2,31777.69),(431,126,3,2,22953.31),(432,117,13,3,22160.13),(433,26,35,2,29766.48),(434,87,17,3,44666.67),(435,142,41,4,62321.08),(436,124,44,1,66534.99),(437,153,21,2,4801.10),(438,165,29,2,13740.33),(439,121,50,1,42593.01),(440,22,1,4,49417.75),(441,35,29,1,60024.59),(442,187,1,3,1284.08),(443,120,14,5,47745.24),(444,87,18,2,19730.08),(445,190,4,1,37170.90),(446,88,32,2,60530.96),(447,64,7,2,23818.26),(448,81,18,1,7716.82),(449,97,41,3,46397.73),(450,137,40,5,9146.83),(451,192,44,5,40800.76),(452,167,15,2,18113.89),(453,5,32,3,23187.25),(454,98,30,5,49820.96),(455,35,30,4,23227.34),(456,96,33,5,52712.38),(457,186,40,5,43580.28),(458,114,29,3,50461.49),(459,192,16,5,18835.31),(460,79,24,4,60580.70),(461,143,42,3,17756.08),(462,104,32,1,55469.39),(463,103,17,4,56223.94),(464,66,6,2,62472.97),(465,37,9,3,63841.92),(466,51,45,3,68857.16),(467,47,18,2,13678.11),(468,17,27,1,27833.68),(469,144,3,4,50034.90),(470,165,39,5,58254.15),(471,144,27,3,1073.74),(472,60,37,4,40091.92),(473,150,46,5,21278.73),(474,192,7,3,47209.43),(475,117,34,3,928.91),(476,95,12,2,34043.20),(477,121,43,3,44053.70),(478,56,27,3,2140.60),(479,110,41,3,52032.03),(480,143,20,5,19862.11),(481,49,6,2,28242.06),(482,98,18,5,36267.43),(483,93,6,3,36460.68),(484,109,10,3,20191.06),(485,193,19,2,2617.78),(486,39,50,5,36512.96),(487,199,46,5,64885.06),(488,45,16,5,46536.14),(489,13,27,4,46853.67),(490,189,15,1,7548.91),(491,47,24,2,9427.81),(492,88,20,5,45855.74),(493,63,30,1,32419.31),(494,128,4,4,28058.66),(495,176,3,3,35125.87),(496,101,6,2,1228.65),(497,28,38,2,40787.02),(498,170,32,5,40909.04),(499,9,41,4,31778.66),(500,88,17,2,64189.91);
/*!40000 ALTER TABLE `order_items` ENABLE KEYS */;
UNLOCK TABLES;

--
-- Table structure for table `orders`
--

DROP TABLE IF EXISTS `orders`;
/*!40101 SET @saved_cs_client     = @@character_set_client */;
/*!50503 SET character_set_client = utf8mb4 */;
CREATE TABLE `orders` (
  `order_id` int NOT NULL AUTO_INCREMENT,
  `user_id` int DEFAULT NULL,
  `order_date` date DEFAULT NULL,
  `total_amount` decimal(10,2) DEFAULT NULL,
  PRIMARY KEY (`order_id`),
  KEY `user_id` (`user_id`),
  CONSTRAINT `orders_ibfk_1` FOREIGN KEY (`user_id`) REFERENCES `users` (`user_id`)
) ENGINE=InnoDB AUTO_INCREMENT=201 DEFAULT CHARSET=utf8mb4 COLLATE=utf8mb4_0900_ai_ci;
/*!40101 SET character_set_client = @saved_cs_client */;

--
-- Dumping data for table `orders`
--

LOCK TABLES `orders` WRITE;
/*!40000 ALTER TABLE `orders` DISABLE KEYS */;
INSERT INTO `orders` VALUES (1,35,'2025-09-09',4994.17),(2,24,'2025-09-13',15369.94),(3,30,'2025-12-17',7207.62),(4,22,'2025-12-23',12321.74),(5,88,'2025-12-01',15690.47),(6,57,'2025-08-08',16533.78),(7,99,'2025-12-07',15577.55),(8,73,'2025-04-29',3672.02),(9,1,'2025-11-30',10731.97),(10,77,'2025-07-20',17455.02),(11,36,'2025-06-16',6126.79),(12,72,'2025-08-13',2928.33),(13,48,'2025-09-25',3486.74),(14,66,'2025-09-24',2292.22),(15,68,'2025-12-17',10560.03),(16,83,'2025-04-06',5837.71),(17,39,'2025-12-23',2269.71),(18,6,'2025-09-20',6936.40),(19,73,'2025-09-03',5102.46),(20,39,'2025-01-18',13866.91),(21,42,'2025-12-26',8050.18),(22,95,'2025-12-03',7483.71),(23,58,'2025-09-02',11487.38),(24,42,'2025-09-23',4815.34),(25,35,'2025-07-06',9687.64),(26,67,'2025-03-13',15911.45),(27,40,'2025-04-21',10397.83),(28,2,'2025-05-22',4900.13),(29,55,'2025-04-22',10209.70),(30,29,'2025-10-31',10867.94),(31,24,'2025-09-17',17304.04),(32,44,'2025-08-30',3236.71),(33,38,'2025-05-12',11362.04),(34,10,'2025-11-30',13561.97),(35,100,'2025-03-25',2676.62),(36,84,'2025-05-26',6848.21),(37,34,'2025-01-03',9086.79),(38,35,'2025-04-05',11872.72),(39,50,'2025-09-12',9923.59),(40,45,'2025-08-02',8730.54),(41,93,'2025-06-05',12602.34),(42,3,'2025-01-24',2450.14),(43,79,'2025-10-16',9788.56),(44,2,'2025-12-06',4240.25),(45,39,'2025-10-16',11129.79),(46,93,'2025-03-13',16388.53),(47,78,'2025-09-15',9219.86),(48,72,'2025-08-02',4236.17),(49,85,'2025-06-06',2685.78),(50,6,'2025-12-18',14662.36),(51,31,'2025-04-13',16267.43),(52,92,'2025-12-22',5892.88),(53,34,'2025-10-16',18826.61),(54,27,'2025-06-22',8768.86),(55,52,'2025-07-11',14620.80),(56,97,'2025-07-25',16654.45),(57,88,'2025-12-10',19931.24),(58,6,'2025-11-22',8938.19),(59,5,'2025-06-23',3617.61),(60,1,'2025-04-28',16344.18),(61,41,'2025-04-08',6533.77),(62,53,'2025-03-24',13019.09),(63,15,'2025-11-07',19005.39),(64,67,'2025-01-16',18395.76),(65,29,'2025-08-13',6779.43),(66,24,'2025-12-20',5759.67),(67,90,'2025-08-28',7236.75),(68,37,'2025-08-12',8404.92),(69,93,'2025-12-02',1746.21),(70,50,'2025-12-11',13700.69),(71,91,'2025-02-13',14525.42),(72,77,'2025-11-12',9457.75),(73,29,'2025-03-14',10686.57),(74,11,'2025-12-23',13858.89),(75,4,'2025-06-03',17185.39),(76,75,'2025-12-08',6190.75),(77,97,'2025-09-09',17397.55),(78,39,'2025-06-01',1337.92),(79,74,'2025-03-22',9427.96),(80,23,'2025-11-03',5144.05),(81,36,'2025-08-08',2606.38),(82,84,'2025-08-23',18912.53),(83,49,'2025-02-17',18914.11),(84,49,'2025-09-05',4253.02),(85,42,'2025-01-23',1566.51),(86,38,'2025-01-09',14131.14),(87,8,'2025-08-07',18973.58),(88,99,'2025-02-14',15306.06),(89,69,'2025-09-25',14175.78),(90,6,'2025-12-06',10582.97),(91,63,'2025-09-08',12830.83),(92,23,'2025-06-09',4551.12),(93,89,'2025-12-07',13519.09),(94,84,'2025-03-26',16284.55),(95,80,'2025-10-21',9505.97),(96,18,'2025-01-30',14669.85),(97,87,'2025-03-30',11902.90),(98,8,'2025-11-28',2209.71),(99,81,'2025-05-30',4967.28),(100,97,'2025-05-26',15615.72),(101,48,'2025-07-07',4384.33),(102,9,'2025-08-12',14471.62),(103,6,'2025-05-10',18019.33),(104,76,'2025-03-21',17391.37),(105,76,'2025-06-25',19643.79),(106,74,'2025-03-22',6426.85),(107,9,'2025-11-14',19968.18),(108,5,'2025-05-16',11099.62),(109,37,'2025-10-08',9051.08),(110,90,'2025-10-28',16612.86),(111,70,'2025-05-05',13462.74),(112,69,'2025-06-14',16102.20),(113,18,'2025-11-06',1377.08),(114,58,'2025-06-26',12232.45),(115,17,'2025-05-02',11679.84),(116,48,'2025-05-08',19645.65),(117,16,'2025-04-26',5845.36),(118,34,'2025-08-07',5545.54),(119,33,'2025-05-18',5721.46),(120,52,'2025-01-18',4252.68),(121,62,'2025-12-23',13272.78),(122,54,'2025-09-17',12277.24),(123,42,'2025-05-08',5834.17),(124,83,'2025-04-02',9693.78),(125,32,'2025-10-25',1481.54),(126,57,'2025-07-12',3036.15),(127,46,'2025-11-04',9648.34),(128,49,'2025-08-04',16844.79),(129,66,'2025-10-23',12746.75),(130,79,'2025-12-12',15009.97),(131,89,'2025-05-18',5192.16),(132,62,'2025-02-13',17016.91),(133,50,'2025-09-08',14470.81),(134,65,'2025-08-13',10132.38),(135,53,'2025-03-18',9486.44),(136,6,'2025-11-29',18802.12),(137,60,'2025-03-22',10471.36),(138,22,'2025-10-31',16335.22),(139,1,'2025-03-18',10752.04),(140,53,'2025-09-06',12266.95),(141,2,'2025-03-05',6349.85),(142,23,'2025-07-16',16481.15),(143,81,'2025-09-10',16304.16),(144,69,'2025-12-31',18837.07),(145,48,'2025-08-12',15072.79),(146,10,'2025-02-25',16283.08),(147,93,'2025-04-03',5776.07),(148,48,'2025-06-22',13581.09),(149,20,'2025-11-28',15784.54),(150,56,'2025-04-28',545.85),(151,86,'2025-04-25',7738.49),(152,56,'2025-07-11',7461.85),(153,32,'2025-02-01',18561.78),(154,47,'2025-05-20',4014.24),(155,96,'2025-09-14',15844.90),(156,97,'2025-01-12',3134.44),(157,37,'2025-05-18',7091.70),(158,29,'2025-06-30',8851.56),(159,37,'2025-11-20',6018.61),(160,71,'2025-02-25',16769.39),(161,99,'2025-03-20',13275.92),(162,32,'2025-09-29',15786.64),(163,67,'2025-03-28',8789.79),(164,94,'2025-04-22',14972.69),(165,4,'2025-10-19',10221.52),(166,29,'2025-06-13',4973.91),(167,73,'2025-08-05',3008.22),(168,61,'2025-03-24',3166.19),(169,79,'2025-06-13',15105.34),(170,93,'2025-11-09',10869.51),(171,9,'2025-05-06',14899.65),(172,34,'2025-08-20',9230.37),(173,37,'2025-01-28',2380.77),(174,21,'2025-10-12',18817.53),(175,44,'2025-09-09',3746.44),(176,95,'2025-08-06',15198.29),(177,92,'2025-01-18',17045.09),(178,90,'2025-04-17',19801.55),(179,52,'2025-03-29',11262.00),(180,81,'2025-09-29',8393.20),(181,66,'2025-08-15',19268.72),(182,50,'2025-04-07',10096.92),(183,79,'2025-03-01',10545.67),(184,50,'2025-07-04',14948.45),(185,34,'2025-11-09',3107.45),(186,90,'2025-04-14',19026.14),(187,62,'2025-06-25',18838.98),(188,2,'2025-08-17',8986.50),(189,61,'2025-04-28',6238.42),(190,94,'2025-08-03',17352.16),(191,81,'2025-03-02',6279.76),(192,79,'2025-07-09',3037.52),(193,3,'2025-11-25',12685.06),(194,66,'2025-03-28',2211.53),(195,62,'2025-09-12',13021.18),(196,41,'2025-03-01',2193.26),(197,100,'2025-11-15',997.43),(198,51,'2025-10-26',15388.79),(199,10,'2025-05-23',1985.62),(200,24,'2025-06-10',2515.09);
/*!40000 ALTER TABLE `orders` ENABLE KEYS */;
UNLOCK TABLES;

--
-- Table structure for table `payments`
--

DROP TABLE IF EXISTS `payments`;
/*!40101 SET @saved_cs_client     = @@character_set_client */;
/*!50503 SET character_set_client = utf8mb4 */;
CREATE TABLE `payments` (
  `payment_id` int NOT NULL AUTO_INCREMENT,
  `order_id` int DEFAULT NULL,
  `payment_method` varchar(50) DEFAULT NULL,
  `payment_status` varchar(50) DEFAULT NULL,
  `payment_date` date DEFAULT NULL,
  PRIMARY KEY (`payment_id`),
  KEY `order_id` (`order_id`),
  CONSTRAINT `payments_ibfk_1` FOREIGN KEY (`order_id`) REFERENCES `orders` (`order_id`)
) ENGINE=InnoDB DEFAULT CHARSET=utf8mb4 COLLATE=utf8mb4_0900_ai_ci;
/*!40101 SET character_set_client = @saved_cs_client */;

--
-- Dumping data for table `payments`
--

LOCK TABLES `payments` WRITE;
/*!40000 ALTER TABLE `payments` DISABLE KEYS */;
/*!40000 ALTER TABLE `payments` ENABLE KEYS */;
UNLOCK TABLES;

--
-- Table structure for table `products`
--

DROP TABLE IF EXISTS `products`;
/*!40101 SET @saved_cs_client     = @@character_set_client */;
/*!50503 SET character_set_client = utf8mb4 */;
CREATE TABLE `products` (
  `product_id` int NOT NULL AUTO_INCREMENT,
  `product_name` varchar(150) DEFAULT NULL,
  `category` varchar(100) DEFAULT NULL,
  `price` decimal(10,2) DEFAULT NULL,
  `stock` int DEFAULT NULL,
  PRIMARY KEY (`product_id`)
) ENGINE=InnoDB AUTO_INCREMENT=51 DEFAULT CHARSET=utf8mb4 COLLATE=utf8mb4_0900_ai_ci;
/*!40101 SET character_set_client = @saved_cs_client */;

--
-- Dumping data for table `products`
--

LOCK TABLES `products` WRITE;
/*!40000 ALTER TABLE `products` DISABLE KEYS */;
INSERT INTO `products` VALUES (1,'Product1','Books',41950.52,21),(2,'Product2','Books',41815.14,73),(3,'Product3','Fashion',18072.26,84),(4,'Product4','Electronics',10512.31,20),(5,'Product5','Home',42230.47,61),(6,'Product6','Books',37461.29,48),(7,'Product7','Books',6396.72,35),(8,'Product8','Sports',6566.95,14),(9,'Product9','Sports',17309.29,81),(10,'Product10','Electronics',44340.78,13),(11,'Product11','Fashion',18530.67,23),(12,'Product12','Books',42115.56,112),(13,'Product13','Sports',2286.92,100),(14,'Product14','Books',27577.65,61),(15,'Product15','Sports',27833.40,59),(16,'Product16','Fashion',10686.90,26),(17,'Product17','Books',28884.22,90),(18,'Product18','Home',48938.39,65),(19,'Product19','Books',10838.86,49),(20,'Product20','Home',19486.74,38),(21,'Product21','Books',34038.27,117),(22,'Product22','Electronics',35444.85,51),(23,'Product23','Books',3407.02,30),(24,'Product24','Electronics',46219.77,54),(25,'Product25','Sports',44225.21,114),(26,'Product26','Books',45849.83,110),(27,'Product27','Fashion',14599.95,38),(28,'Product28','Home',21531.95,28),(29,'Product29','Home',16650.83,44),(30,'Product30','Sports',5432.31,50),(31,'Product31','Fashion',21842.08,99),(32,'Product32','Home',4189.94,53),(33,'Product33','Electronics',11539.10,110),(34,'Product34','Electronics',45226.30,101),(35,'Product35','Electronics',31658.14,73),(36,'Product36','Sports',32958.08,98),(37,'Product37','Electronics',38589.94,116),(38,'Product38','Fashion',28193.60,86),(39,'Product39','Fashion',7094.07,12),(40,'Product40','Home',19713.89,63),(41,'Product41','Sports',19259.40,116),(42,'Product42','Electronics',47910.34,75),(43,'Product43','Fashion',38066.11,41),(44,'Product44','Home',4742.92,72),(45,'Product45','Books',11793.97,101),(46,'Product46','Home',29536.61,56),(47,'Product47','Books',47838.05,37),(48,'Product48','Books',5088.48,76),(49,'Product49','Fashion',27420.41,68),(50,'Product50','Home',30161.21,49);
/*!40000 ALTER TABLE `products` ENABLE KEYS */;
UNLOCK TABLES;

--
-- Table structure for table `reviews`
--

DROP TABLE IF EXISTS `reviews`;
/*!40101 SET @saved_cs_client     = @@character_set_client */;
/*!50503 SET character_set_client = utf8mb4 */;
CREATE TABLE `reviews` (
  `review_id` int NOT NULL AUTO_INCREMENT,
  `product_id` int DEFAULT NULL,
  `user_id` int DEFAULT NULL,
  `rating` int DEFAULT NULL,
  `comment` text,
  `review_date` date DEFAULT NULL,
  PRIMARY KEY (`review_id`),
  KEY `product_id` (`product_id`),
  KEY `user_id` (`user_id`),
  CONSTRAINT `reviews_ibfk_1` FOREIGN KEY (`product_id`) REFERENCES `products` (`product_id`),
  CONSTRAINT `reviews_ibfk_2` FOREIGN KEY (`user_id`) REFERENCES `users` (`user_id`)
) ENGINE=InnoDB DEFAULT CHARSET=utf8mb4 COLLATE=utf8mb4_0900_ai_ci;
/*!40101 SET character_set_client = @saved_cs_client */;

--
-- Dumping data for table `reviews`
--

LOCK TABLES `reviews` WRITE;
/*!40000 ALTER TABLE `reviews` DISABLE KEYS */;
/*!40000 ALTER TABLE `reviews` ENABLE KEYS */;
UNLOCK TABLES;

--
-- Table structure for table `users`
--

DROP TABLE IF EXISTS `users`;
/*!40101 SET @saved_cs_client     = @@character_set_client */;
/*!50503 SET character_set_client = utf8mb4 */;
CREATE TABLE `users` (
  `user_id` int NOT NULL AUTO_INCREMENT,
  `name` varchar(100) DEFAULT NULL,
  `email` varchar(100) DEFAULT NULL,
  `city` varchar(50) DEFAULT NULL,
  `created_at` timestamp NULL DEFAULT CURRENT_TIMESTAMP,
  PRIMARY KEY (`user_id`),
  UNIQUE KEY `email` (`email`)
) ENGINE=InnoDB AUTO_INCREMENT=101 DEFAULT CHARSET=utf8mb4 COLLATE=utf8mb4_0900_ai_ci;
/*!40101 SET character_set_client = @saved_cs_client */;

--
-- Dumping data for table `users`
--

LOCK TABLES `users` WRITE;
/*!40000 ALTER TABLE `users` DISABLE KEYS */;
INSERT INTO `users` VALUES (1,'Customer1','customer1@gmail.com','Chennai','2026-02-24 11:39:53'),(2,'Customer2','customer2@gmail.com','Pune','2026-02-24 11:39:53'),(3,'Customer3','customer3@gmail.com','Bangalore','2026-02-24 11:39:53'),(4,'Customer4','customer4@gmail.com','Delhi','2026-02-24 11:39:53'),(5,'Customer5','customer5@gmail.com','Hyderabad','2026-02-24 11:39:53'),(6,'Customer6','customer6@gmail.com','Pune','2026-02-24 11:39:53'),(7,'Customer7','customer7@gmail.com','Bangalore','2026-02-24 11:39:53'),(8,'Customer8','customer8@gmail.com','Bangalore','2026-02-24 11:39:53'),(9,'Customer9','customer9@gmail.com','Mumbai','2026-02-24 11:39:53'),(10,'Customer10','customer10@gmail.com','Pune','2026-02-24 11:39:53'),(11,'Customer11','customer11@gmail.com','Delhi','2026-02-24 11:39:53'),(12,'Customer12','customer12@gmail.com','Hyderabad','2026-02-24 11:39:53'),(13,'Customer13','customer13@gmail.com','Mumbai','2026-02-24 11:39:53'),(14,'Customer14','customer14@gmail.com','Mumbai','2026-02-24 11:39:53'),(15,'Customer15','customer15@gmail.com','Chennai','2026-02-24 11:39:53'),(16,'Customer16','customer16@gmail.com','Chennai','2026-02-24 11:39:53'),(17,'Customer17','customer17@gmail.com','Hyderabad','2026-02-24 11:39:53'),(18,'Customer18','customer18@gmail.com','Pune','2026-02-24 11:39:53'),(19,'Customer19','customer19@gmail.com','Chennai','2026-02-24 11:39:53'),(20,'Customer20','customer20@gmail.com','Delhi','2026-02-24 11:39:53'),(21,'Customer21','customer21@gmail.com','Chennai','2026-02-24 11:39:53'),(22,'Customer22','customer22@gmail.com','Hyderabad','2026-02-24 11:39:53'),(23,'Customer23','customer23@gmail.com','Delhi','2026-02-24 11:39:53'),(24,'Customer24','customer24@gmail.com','Pune','2026-02-24 11:39:53'),(25,'Customer25','customer25@gmail.com','Mumbai','2026-02-24 11:39:53'),(26,'Customer26','customer26@gmail.com','Delhi','2026-02-24 11:39:53'),(27,'Customer27','customer27@gmail.com','Hyderabad','2026-02-24 11:39:53'),(28,'Customer28','customer28@gmail.com','Mumbai','2026-02-24 11:39:53'),(29,'Customer29','customer29@gmail.com','Mumbai','2026-02-24 11:39:53'),(30,'Customer30','customer30@gmail.com','Pune','2026-02-24 11:39:53'),(31,'Customer31','customer31@gmail.com','Chennai','2026-02-24 11:39:53'),(32,'Customer32','customer32@gmail.com','Mumbai','2026-02-24 11:39:53'),(33,'Customer33','customer33@gmail.com','Hyderabad','2026-02-24 11:39:53'),(34,'Customer34','customer34@gmail.com','Hyderabad','2026-02-24 11:39:53'),(35,'Customer35','customer35@gmail.com','Hyderabad','2026-02-24 11:39:53'),(36,'Customer36','customer36@gmail.com','Hyderabad','2026-02-24 11:39:53'),(37,'Customer37','customer37@gmail.com','Pune','2026-02-24 11:39:53'),(38,'Customer38','customer38@gmail.com','Bangalore','2026-02-24 11:39:53'),(39,'Customer39','customer39@gmail.com','Hyderabad','2026-02-24 11:39:53'),(40,'Customer40','customer40@gmail.com','Mumbai','2026-02-24 11:39:53'),(41,'Customer41','customer41@gmail.com','Bangalore','2026-02-24 11:39:53'),(42,'Customer42','customer42@gmail.com','Bangalore','2026-02-24 11:39:53'),(43,'Customer43','customer43@gmail.com','Mumbai','2026-02-24 11:39:53'),(44,'Customer44','customer44@gmail.com','Pune','2026-02-24 11:39:53'),(45,'Customer45','customer45@gmail.com','Hyderabad','2026-02-24 11:39:53'),(46,'Customer46','customer46@gmail.com','Delhi','2026-02-24 11:39:53'),(47,'Customer47','customer47@gmail.com','Pune','2026-02-24 11:39:53'),(48,'Customer48','customer48@gmail.com','Mumbai','2026-02-24 11:39:53'),(49,'Customer49','customer49@gmail.com','Pune','2026-02-24 11:39:53'),(50,'Customer50','customer50@gmail.com','Bangalore','2026-02-24 11:39:53'),(51,'Customer51','customer51@gmail.com','Chennai','2026-02-24 11:39:53'),(52,'Customer52','customer52@gmail.com','Delhi','2026-02-24 11:39:53'),(53,'Customer53','customer53@gmail.com','Bangalore','2026-02-24 11:39:53'),(54,'Customer54','customer54@gmail.com','Pune','2026-02-24 11:39:53'),(55,'Customer55','customer55@gmail.com','Mumbai','2026-02-24 11:39:53'),(56,'Customer56','customer56@gmail.com','Hyderabad','2026-02-24 11:39:53'),(57,'Customer57','customer57@gmail.com','Pune','2026-02-24 11:39:53'),(58,'Customer58','customer58@gmail.com','Hyderabad','2026-02-24 11:39:53'),(59,'Customer59','customer59@gmail.com','Mumbai','2026-02-24 11:39:53'),(60,'Customer60','customer60@gmail.com','Pune','2026-02-24 11:39:53'),(61,'Customer61','customer61@gmail.com','Hyderabad','2026-02-24 11:39:53'),(62,'Customer62','customer62@gmail.com','Hyderabad','2026-02-24 11:39:53'),(63,'Customer63','customer63@gmail.com','Bangalore','2026-02-24 11:39:53'),(64,'Customer64','customer64@gmail.com','Mumbai','2026-02-24 11:39:53'),(65,'Customer65','customer65@gmail.com','Chennai','2026-02-24 11:39:53'),(66,'Customer66','customer66@gmail.com','Bangalore','2026-02-24 11:39:53'),(67,'Customer67','customer67@gmail.com','Hyderabad','2026-02-24 11:39:53'),(68,'Customer68','customer68@gmail.com','Delhi','2026-02-24 11:39:53'),(69,'Customer69','customer69@gmail.com','Chennai','2026-02-24 11:39:53'),(70,'Customer70','customer70@gmail.com','Hyderabad','2026-02-24 11:39:53'),(71,'Customer71','customer71@gmail.com','Mumbai','2026-02-24 11:39:53'),(72,'Customer72','customer72@gmail.com','Bangalore','2026-02-24 11:39:53'),(73,'Customer73','customer73@gmail.com','Chennai','2026-02-24 11:39:53'),(74,'Customer74','customer74@gmail.com','Mumbai','2026-02-24 11:39:53'),(75,'Customer75','customer75@gmail.com','Mumbai','2026-02-24 11:39:53'),(76,'Customer76','customer76@gmail.com','Hyderabad','2026-02-24 11:39:53'),(77,'Customer77','customer77@gmail.com','Pune','2026-02-24 11:39:53'),(78,'Customer78','customer78@gmail.com','Delhi','2026-02-24 11:39:53'),(79,'Customer79','customer79@gmail.com','Chennai','2026-02-24 11:39:53'),(80,'Customer80','customer80@gmail.com','Bangalore','2026-02-24 11:39:53'),(81,'Customer81','customer81@gmail.com','Pune','2026-02-24 11:39:53'),(82,'Customer82','customer82@gmail.com','Hyderabad','2026-02-24 11:39:53'),(83,'Customer83','customer83@gmail.com','Delhi','2026-02-24 11:39:53'),(84,'Customer84','customer84@gmail.com','Mumbai','2026-02-24 11:39:53'),(85,'Customer85','customer85@gmail.com','Chennai','2026-02-24 11:39:53'),(86,'Customer86','customer86@gmail.com','Bangalore','2026-02-24 11:39:53'),(87,'Customer87','customer87@gmail.com','Bangalore','2026-02-24 11:39:53'),(88,'Customer88','customer88@gmail.com','Mumbai','2026-02-24 11:39:53'),(89,'Customer89','customer89@gmail.com','Bangalore','2026-02-24 11:39:53'),(90,'Customer90','customer90@gmail.com','Delhi','2026-02-24 11:39:53'),(91,'Customer91','customer91@gmail.com','Hyderabad','2026-02-24 11:39:53'),(92,'Customer92','customer92@gmail.com','Hyderabad','2026-02-24 11:39:53'),(93,'Customer93','customer93@gmail.com','Pune','2026-02-24 11:39:53'),(94,'Customer94','customer94@gmail.com','Chennai','2026-02-24 11:39:53'),(95,'Customer95','customer95@gmail.com','Bangalore','2026-02-24 11:39:53'),(96,'Customer96','customer96@gmail.com','Delhi','2026-02-24 11:39:53'),(97,'Customer97','customer97@gmail.com','Delhi','2026-02-24 11:39:53'),(98,'Customer98','customer98@gmail.com','Mumbai','2026-02-24 11:39:53'),(99,'Customer99','customer99@gmail.com','Delhi','2026-02-24 11:39:53'),(100,'Customer100','customer100@gmail.com','Mumbai','2026-02-24 11:39:53');
/*!40000 ALTER TABLE `users` ENABLE KEYS */;
UNLOCK TABLES;
/*!40103 SET TIME_ZONE=@OLD_TIME_ZONE */;

/*!40101 SET SQL_MODE=@OLD_SQL_MODE */;
/*!40014 SET FOREIGN_KEY_CHECKS=@OLD_FOREIGN_KEY_CHECKS */;
/*!40014 SET UNIQUE_CHECKS=@OLD_UNIQUE_CHECKS */;
/*!40101 SET CHARACTER_SET_CLIENT=@OLD_CHARACTER_SET_CLIENT */;
/*!40101 SET CHARACTER_SET_RESULTS=@OLD_CHARACTER_SET_RESULTS */;
/*!40101 SET COLLATION_CONNECTION=@OLD_COLLATION_CONNECTION */;
/*!40111 SET SQL_NOTES=@OLD_SQL_NOTES */;

-- Dump completed on 2026-02-24 17:41:26
